Project_Name,Test_filename,Test_classname,Test_funcname,Test_parametrization
py_ev,tests/test_py_ev.py,,test_equity,
PySyncObj,test_syncobj.py,,test_autoTick1,
data_partitioner,tests/data_suplier_test.py,DataSuplierTest,test_training_percent,
nacos-sdk-python,test/client_test.py,TestClient,test_fake_watcher,
nacos-sdk-python,test/client_test.py,TestClient,test_get_server,
pymemorydb,test_textanalysis.py,TestApp,test_get_tokenized_data_two_indices,
r_map,tests/test_data_structure.py,,test_bit_reg_linkage,
ruTS,tests/test_utils.py,,test_download_file,
threadedprocess,test_threadedprocess.py,,test_futures_run_in_different_processes_and_threads,
grimoire,grimoire/test/test_io.py,TestIO,test_FASTA_file,
hostopen,test/test_all.py,,test_convert_filepaths,
fistro,tests/test_fistro.py,,test_simple,
kb_python,tests/test_utils.py,TestUtils,test_run_executable_with_stream,
grip,tests/test_github.py,,test_github,
grip,tests/test_github.py,,test_github_api,
homog,homog/tests/test_homog.py,,test_line_line_closest_points,
hotwing-core,tests/test_profile.py,TestProfile,test_load_dat_file,
py2pack,test/test_py2pack.py,Py2packTestCase,test_list,
py2pack,test/test_py2pack.py,Py2packTestCase,test_newest_download_url,
py2pack,test/test_py2pack.py,Py2packTestCase,test_show,
pysshutil,tests/test_server.py,,test_server_close_cache,
deviceidentifier-py,tests/test_enhance_metadata.py,TestEnhanceMetadata,test_calls,
words-to-regular-expression,tests/unit/prefix_tree/test_tree.py,PrefixTreeTest,test_accepts_individual_strings,
words-to-regular-expression,tests/unit/prefix_tree/test_tree.py,PrefixTreeTest,test_accepts_iterable_of_strings,
words-to-regular-expression,tests/unit/test_formatters.py,PythonFormatterTest,test_it_generates_regexp_that_can_match_input_strings,
words-to-regular-expression,tests/unit/test_utils.py,IterableToRegexp,test_generates_correct_regexp_from_iterable_of_strings,
beem,tests/beemstorage/test_masterpassword.py,Testcases,test_masterpwd,
uhashring,tests/test_distribution.py,,test_distribution,
gamble,tests/models/test_cards.py,,test_deck_init,
pyogt,tests/test_find_stop.py,,test_find_stop,[galoppgatan]
pyogt,tests/test_find_stop.py,,test_find_stop,[gottlosa]
pyogt,tests/test_find_stop.py,,test_find_stop,[masugnen]
pyogt,tests/test_find_stop.py,,test_find_stop,[rappestad-skola]
cuckoopy,tests/test_cuckoofilter.py,,test_insert_filter_full,
Intervallum,tests/test_interval_functions.py,,test_base,
helpers,tests/suite/elma/exceptions/raises/test_raise_if_not_type.py,TestRaiseIfNotType,test_raise_if_not_type,
piripherals,tests/test_mpr121.py,,test_mpr121_irq,
service-manager,test/unit/test_smdownload.py,TestSmDownload,test_reporthook10percent,
service-manager,test/unit/test_smdownload.py,TestSmDownload,test_reporthook20percent,
sida,test/test_slackbot.py,,test_send,
sslyze,tests/plugins_tests/test_session_resumption_plugin.py,TestSessionResumptionSupport,test,
fossor,test/test_check_similar_log_errors.py,,test_max_unique_lines,
noipy,test/test_noipy.py,AuthInfoTest,test_store_and_perform_update,
noipy,test/test_noipy.py,PluginsTest,test_generic_plugin,
noipy,test/test_noipy.py,PluginsTest,test_noip_plugin,
pygsheets,tests/online_test.py,TestSpreadSheet,test_find,
pygsheets,tests/online_test.py,TestWorkSheet,test_export,
pygsheets,tests/online_test.py,TestWorkSheet,test_update_cells,
rockhound,rockhound/tests/test_availability.py,,test_available,
access-modifiers,access_modifiers/tests/test_performance.py,PerformanceTest,test_call_private_method,
asv,test/test_run.py,,test_benchmark_param_selection,
asv,test/test_run.py,,test_cpu_affinity,
policyd-rate-limit,policyd_rate_limit/tests/test_daemon.py,DaemonTestCase,test_main_unix_socket,
policyd-rate-limit,policyd_rate_limit/tests/test_daemon.py,DaemonTestCase,test_slow_connection,
levitate,tests/test_optimization.py,,test_jacobian_accuracy,[Pressure-kwargs28-True-1]
levitate,tests/test_optimization.py,,test_jacobian_accuracy,[SphericalHarmonicsExpansion-kwargs67-True-weight67]
levitate,tests/test_optimization.py,,test_jacobian_accuracy,[SphericalHarmonicsExpansion-kwargs68-True-weight68]
levitate,tests/test_optimization.py,,test_jacobian_accuracy,[SphericalHarmonicsExpansionGradient-kwargs69-True-weight69]
levitate,tests/test_optimization.py,,test_jacobian_accuracy,[SphericalHarmonicsExpansionGradient-kwargs70-True-weight70]
dummy_file_generator,tests/test_performance.py,,test_performance_csv,[test_csv-.csv-1]
dummy_file_generator,tests/test_performance.py,,test_performance_csv,[test_flatfile-.txt-1]
http-tracer,tests/test_basic.py,TestTracer,test_http_protocol_stripped_on_gethostbyname,
keplertools,tests/test_keplertools.py,TestKeplerTools,test_orbElem2vec_1body,
kindle_maker,tests/test_ebook.py,,test_ebook_save,
pelicun,pelicun/tests/test_uq.py,,test_RandomVariable_sample_distribution_multinomial,
pympesa,mpesa/tests/test_balance.py,BalanceTests,test_get_balance,
pywebcopy,tests/test_advanced.py,TestSubPage,test_sub_page_saving,
setigen,tests/test_noise_generation.py,,test_hres_chi2,
setigen,tests/test_noise_generation.py,,test_very_hres_chi2,
SSMToybox,ssmtoybox/tests/test_bqmod.py,BayesSardModelTest,test_mc_poly_verification,
analytic_shrinkage,nonlinshrink/test/test_analytic_shrinkage.py,,test_demean,
analytic_shrinkage,nonlinshrink/test/test_analytic_shrinkage.py,,test_ols,
ashpool,ashpool/tests/test_ashpool.py,,test_differ,
centrosome,tests/test_mode.py,TestMode,test_02_01_timeit,
chazutsu,tests/test_movie_review.py,TestMovieReview,test_download,
crfmnes,tests/test_constraint_sphere.py,,test_run_d80_const_sphere,
crfmnes,tests/test_ellipsoid.py,,test_run_d80_ellipsoid,
crfmnes,tests/test_rastrigin.py,,test_run_d40_rastrigin,
crfmnes,tests/test_rosenbrock_chain.py,,test_run_d40_rosen,
crfmnes,tests/test_rosenbrock_chain.py,,test_run_d80_rosen,
cvbase,tests/test_progress.py,,test_track_parallel_progress_list,
cvbase,tests/test_timer.py,,test_timer_run,
darkchess,darkchess/tests/test_bishop/test_bishop.py,,test_bishop_moves,
darkchess,darkchess/tests/test_knight/test_knight.py,,test_knight_moves,
devtracker,devtracker/test_devtracker.py,,test_end_time_total,
dockerfile_bakery,tests/test_generate_case02.py,,test_generate_should_generate_dockerfiles,
dockerfile_bakery,tests/test_generate_case02.py,,test_should_build_script_contains_right_statement,
dockerfile_bakery,tests/test_generate_case02.py,,test_should_pull_script_contains_right_statement,
event-bus,tests/test_single_vs_threaded.py,,test_single_vs_threaded,
freegs,freegs/test_optimiser.py,,test_pick_all,
freegs,freegs/test_optimiser.py,,test_quadratic,
freegs,freegs/test_optimiser.py,,test_reducing,
gramhopper,tests/responses/test_preset_responses.py,TestPresetResponsesWithParameterMatrices,test_preset_reply_response,[preset_response1-payload2]
jgutils,jgutils/tests/test_naturalsort.py,TestNaturalSort,test_numeric_intermixed,
keplertools,tests/test_keplertools.py,TestKeplerTools,test_orbElem2vec_Nbody,
keplertools,tests/test_keplertools.py,TestKeplerTools,test_trueanom,
kevinarpe-rambutan3,tests/check_args/base/test_RNotNoneTypeMatcher.py,,test_check_arg,
langsplit,tests/test_split.py,,test_partial_autodetect,
layouts-python,tests/test_cache.py,,test_local_cache,
libearth,tests/feed_test.py,,test_race_condition,
limix-lmm,limix_lmm/test/test_mtmm_scan.py,,test_mtmm_scan_pv_beta,
nnweaver,test/optimizers_test.py,,test_sgd_circles,
noisyopt,noisyopt/tests/test_noisyopt.py,,test_AveragedFunction,
ontobio,tests/test_assocfactory.py,,test_remote_go,
ontobio,tests/test_golr_associations.py,,test_go_assocs_compact,
ontobio,tests/test_wd.py,,test_wd_sparql_ptsd,
packeteer,tests/field_string_test.py,,test_variable_string,
pybnn,test/test_bohamiann.py,TestBohamiann,test_gradient_mean,
pybnn,test/test_bohamiann.py,TestBohamiann,test_gradient_variance,
pylabeledrf,test/test_computeLRF.py,UtilTest,test_computeLRF1,
pylabeledrf,test/test_computeLRF.py,UtilTest,test_computeLRF2,
pypfm,tests/test_pfm.py,,test_save_and_load_with_compression,
python-matlab-functions,tests/test_subind.py,Test,test_ind2sub,
python-matlab-functions,tests/test_subind.py,Test,test_sub2ind,
python-timemarker,tests/test_timer.py,TestPctgTimer,test_twotag_pctg,
pytvdb,tests/test_api.py,TestEpisodes,test_get_episode,
pyvesync,src/tests/test_vesync_login.py,,test_login,[sam@mail.com-pass-correct]
raincoat,tests/acceptance/test_full_chain.py,,test_full_chain,
svp,samples/tests/test_exponential.py,,test_data,
svp,samples/tests/test_exponential.py,,test_response,
svp,samples/tests/test_uniform.py,,test_posivite,
travispy,travispy/_tests/test_not_authenticated.py,,test_github_auth,
twsecli,tests/test_twselib.py,TestTWSELIB,test_get_cookie,
twsecli,tests/test_twselib.py,TestTWSELIB,test_get_stock_info,
twsecli,tests/test_twselib.py,TestTWSELIB,test_get_stock_key_otc,
twsecli,tests/test_twselib.py,TestTWSELIB,test_get_stock_key_tse,
vault-dev,test/test_vault_dev.py,,test_cleanup_on_gc,
wiki-futures,tests/test_dispatcher.py,,test_content_size,
dicom-standard,tests/references_test.py,,test_valid_references,
coo,tests/test_coo.py,,test_tweet_random,
selenium-wire,tests/seleniumwire/proxy/test_client.py,AdminClientIntegrationTest,test_get_requests_multiple,
selenium-wire,tests/seleniumwire/proxy/test_client.py,AdminClientIntegrationTest,test_get_response_body_json,
coo,tests/test_coo.py,,test_tweet_random,
ftpsync,test_ftpsmartsync.py,TestsFtpsmartsync,test_ftpupstream,
