Project_Name,Project_URL,Project_Hash
geomag_wdc_web_app_interface,https://github.com/willjbrown88/geomag_wdc_web_app_interface,07a27cadc6db239e39b871a6f55f57a917ed02e4
streamstats,https://github.com/earthlab/streamstats,812bf263a25c87fd26eca09f81d78ff35b48d1c4
ontobio,https://github.com/biolink/ontobio,ade3d89729bce16e39073ede2c0f253f309dc299
CHESS,https://github.com/nishaq503/CHESS,6f84e7e98d328150170141621cc095dfa80ef67e
WikidataIntegrator,https://github.com/sulab/WikidataIntegrator,2ce3477b47447e335dd5e7413396fecf306c7146
aiomediawiki,https://github.com/jucacrispim/aiomediawiki,9e3f624a2465bf5b1394c178b19e34fadfec2793
astwro,https://github.com/majkelx/astwro,0486bc622759ea214a376a9e4035d6d3e350f61b
cenpy,https://github.com/ljwolf/cenpy,03eefcfd885c48e018cf74abaf46ee03aa7ac119
chazutsu,https://github.com/chakki-works/chazutsu,734828f2f05799a1d59d9280a032bf5996fe3261
dcard-spider,https://github.com/leVirve/dcard-spider,ac64cbcfe7ef6be7e554cef422b1a8a6bb968d46
python-domain-validation,https://github.com/ElliotVilhelm/python-domain-validation,941a6ae29c565f49e98f106b427624874b47f973
supportdata,https://github.com/castelao/supportdata,d0b878e2779120f3cdd2d5a241addc18e26f8616
gramhopper,https://github.com/OrBin/gramhopper,9396533d10bb469c77985ad931033f400479809b
hpdr,https://github.com/laboo/hpdr,6760ceb1f4a6078f70e86e54bb2ee4e269915f9c
knit,https://github.com/dask/knit,934aee7012967453b7343f6e01f16b26aece2aaf
lazygrid,https://github.com/glubbdubdrib/lazygrid,ce290e9b2ce528088c5b65bdaf1a83e1a08aecdb
orderly-web-deploy,https://github.com/vimc/orderly-web-deploy,550e1f21df54cb71ffab2411f45e7bd49095279a
override,https://github.com/davidhyman/override,e34bd3c8676233439de5c002367b3bff5c1b88d6
pelicun,https://github.com/NHERI-SimCenter/pelicun,29a3d61b9d38debfc115ce03a674a33642773ec5
persiantools,https://github.com/mhajiloo/persiantools,ebe2f89bbffca4736d6dc0945110d6c2448b4eb6
pyais,https://github.com/M0r13n/pyais,d2ca5ff08c532fce5da1c9d268eb453924f12a33
bitcash,https://github.com/sporestack/bitcash,80a61111bd50cf37f6a601eecd0424f04b971514
noipy,https://github.com/povieira/noipy,c35add5386b57547c5a72650145a267dc88fa77e
pycep-correios,https://github.com/mstuttgart/pycep-correios,44fd6a1ede24d6215afa573a9faa2f0db58bad25
pyss3,https://github.com/sergioburdisso/pyss3,0522e0dc3d07e2c842df8e975e68244beda4b4c5
wellpathpy,https://github.com/Zabamund/wellpathpy,f29b14a9a1c46e77ea98b141e3cdc43674654ea2
scikit-build,https://github.com/scikit-build/scikit-build,1a25f132ef746e90d41ed165892fd68a44a81403
asv,https://github.com/airspeed-velocity/asv,a131ca742daf53c4521fbfefeb53507b5c140c84
dikicli,https://github.com/silenc3r/dikicli,2304a0ab3cd07b442207a347f2924699741a52bd
WattTime,https://github.com/stoltzmaniac/WattTime,1f2761a752c6cc241c20e854a7a247349b57be36
jinja2-github,https://github.com/jcfr/jinja2-github,4012e5f87ea4b53d2eee406f91cf6738008636a0
mxnet-octave-conv,https://github.com/CyberZHG/mxnet-octave-conv,5bbe5aa0cc6f43f242cb4a656495df70e3198f1b
pytsmp,https://github.com/kithomak/pytsmp,15d58a39e016100fb44cdcc9f6115fa7736eb2bb
skprocrustes,https://github.com/melissawm/skprocrustes,05b6fd4fcc6cb0d7b8d1115dc562a0f8f7e227b2
torch-embed-sim,https://github.com/CyberZHG/torch-embed-sim,ace404f9cca0d47aa3efcf4e819bcd48899e4e35
torch-gpt-2,https://github.com/CyberZHG/torch-gpt-2,92dd7ab7f83630500805ebf0c647f3fb940ca3ab
torch-layer-normalization,https://github.com/CyberZHG/torch-layer-normalization,89f405b60f53f85da6f03fe685c190ef394ce50c
dict,https://github.com/wufeifei/dict,89e730dbc035da6b5ceb598833d2eafc5343864d
relic,https://github.com/spacetelescope/relic,d5fc7bf6dbe01eb89de3ff5c2f6cfec2b4a6047d
spyProt,https://github.com/Zedelghem/spyProt,e2d978ce68ab9449acfc39dcc05b54d0c41460f6
client_python,https://github.com/prometheus/client_python,5b0a476489fc6a26c177683b539142c91005de06
requests-cache,https://github.com/reclosedev/requests-cache,6717a336430eb7e6fe17e75c5517f3076ca85b42
mw-category-members,https://github.com/jfilter/mw-category-members,9d3b11b5cfde2165a9ff1613ff11d7595a33320e
proxipy,https://github.com/sttlr/proxipy,f9b08d8f3fc7dd0089b6c2fbe83d2671dc51472d
py-finstmt,https://github.com/whoopnip/py-finstmt,820407a87f03377072b545923febd1086def1bec
pykew,https://github.com/RBGKew/pykew,557c1852ad7a4366467e344e7a46b42549ce8694
sslyze,https://github.com/nabla-c0d3/sslyze,bf1b01048560308654b31bf55ad2d2363285f95f
sister,https://github.com/sobamchan/sister,5850d8fbd1789df1c68634284fa51490a395b7b2
lineflow,https://github.com/yasufumy/lineflow,677ed8ba2374f084d58864c2027a7d0245e8f198
abagen,https://github.com/rmarkello/abagen,4af521f6d7e71d4bbebb4960ff2447256e2447eb
pyradigm,https://github.com/raamana/pyradigm,01d47cf34a9af4bb104e2891559059a522221b4d
python-cuckoo,https://github.com/Leechael/python-cuckoo,fa7a87cd482e8a204c94b860c3066c3c1813ff36
pytvdb,https://github.com/jwbaker/pytvdb,39f00896ed1bed1f1dabe05f73980c9455c502df
pyupload,https://github.com/yukinotenshi/pyupload,32fb1ea1eb38c14e1fa2b23e7a923448625c1946
reframe,https://github.com/eth-cscs/reframe,576eb3f1dcc015d1e6d7a10602c748d4f810da68
sureal,https://github.com/Netflix/sureal,e7251384cd5f6a293e05d1450d5e8f353d137c1c
torchgan,https://github.com/torchgan/torchgan,fc8b01a1b34d0f19c4860ff6dac2568d357fe069
vault-dev,https://github.com/vimc/vault-dev,ccec5a246e4c05358a57fb68d821a16910d2a125
verif,https://github.com/WFRT/verif,dd4df8e5709e9ec1a8fe129fe9a14d4f63d93643
wordoftheday,https://github.com/patrickc-dev/wordoftheday,35439b87e782199813933ae6bddbfd1c6cea2b6c
dicom-standard,https://github.com/innolitics/dicom-standard,4d40ca75e3af51dd8fc2b027a7f79b6a2f4193cb
nipype,https://github.com/nipy/nipype,f2a2034c5198d955318d76163dee9562314d1eb0
gwosc,https://github.com/gwpy/gwosc,06b56ce506fda3af4857c8a1aae7bb60fb1925e9
cityseer,https://github.com/cityseer/cityseer,2d71d5dc962054f6cd1e87b5a61b43e8f4ddbec0
addon-check,https://github.com/xbmc/addon-check,35cde58ed8b22b8df27efe232d9b2b2c25b079d5
crfmnes,https://github.com/nmasahiro/crfmnes,5fc9625c86135fb5e8824f867a08cc410d3638bd
discovery-client,https://github.com/tomwei7/discovery-client,b10094532ae22eaebd9d093f9550fa75886a3a88
dns-over-https,https://github.com/wglodek/dns-over-https,af56580149c8570ea3ba6ea3a5b5b12cf3dadfd2
packeteer,https://github.com/lungdart/packeteer,2c6e0e8683462e17ff095a89f13a10daf29ef9e0
pymannkendall,https://github.com/mmhs013/pymannkendall,081a1dec1456b682f0f86488b50d47f9f97ec9dd
svp,https://github.com/joshmgrant/svp,fdf64445d8038b4df5ab2181eb6306d56e3b5162
thredds_crawler,https://github.com/ioos/thredds_crawler,fb29ea2fb8d079cacc6c09f79245e8f54f77c6a6
truffleHog,https://github.com/MechanicalRock/truffleHog,5e7f32d4005f82e66b2b9ccd44fcac8e02c1aa34
compyle,https://github.com/pypr/compyle,f557e49c7e18a49efdb5807ac650ba590db81cb2
token-io,https://github.com/overcat/token-io,f1b14fef9fd64989b9c9e5c076272f72253b39ed
fontMath,https://github.com/robotools/fontMath,7f84204033c2d0a284d02e626320ee27c3dfa5ee
mgun,https://github.com/maximdanilchenko/mgun,11540dd661afd2e8a18dd74ca0a5b416f671a4a1
yunomi,https://github.com/dreid/yunomi,1aa3f166843613331b38e231264ffc3ac40e8094
zenmake,https://github.com/pustotnik/zenmake,6cff05114cea34fc204d9e95422f11dc25cd1228
spreading_dye_sampler,https://github.com/NLeSC/spreading_dye_sampler,4282f7609959a31d1b2a4832f3ed643b15c46cb6
pipm,https://github.com/jnoortheen/pipm,a9e0f89e80addea18fd3efdc7b4f6eabd6b6988a
fooof,https://github.com/voytekresearch/fooof,7a520c4f8ac3a44f4f18dc025b5e5d40049c9f2b
schemas,https://github.com/CIMAC-CIDC/schemas,c2b011f49361e01a2816076b9436ae46d71ba0db
Verifone,https://github.com/vilkasgroup/Verifone,5509c08767a9b482cfe5a9572854cf4c73ad6c02
pysshutil,https://github.com/choppsv1/pysshutil,e3ab876ed7b76637e6f5a0870cd41ea1f3d47fdb
singlepy,https://github.com/Galbar/singlepy,fa001b8cb815a68ecd3e790a1f8a5ac5ce045daa
amphipathic,https://github.com/ecolell/amphipathic,b4d2d49e2fc9224fb7a6dc067c86dc8fa7c3505e
py_ev,https://github.com/JBielan/py_ev,0a2d48235b8ff2268254c151a179a2ece40cbd37
PySyncObj,https://github.com/bakwc/PySyncObj,792b6112cfa234716f5e0408194114f1abc8b1ad
data_partitioner,https://github.com/brahle/data_partitioner,c37bca05576648c3f69f8694951bb2ae9ea9ed21
nacos-sdk-python,https://github.com/nacos-group/nacos-sdk-python,34c0dff8b78956331788d5ffa7f11811465e05ae
pymemorydb,https://github.com/davidbetz/pymemorydb,9c8e864957d6fe754539601fd67a7b802b5ceb35
r_map,https://github.com/mentaal/r_map,56cad81c91153d81e831d6afa49b92e5117c2171
ruTS,https://github.com/SergeyShk/ruTS,af02f627d9022f0f4825d9bed4ffc97d3d329f2d
threadedprocess,https://github.com/nilp0inter/threadedprocess,0120d6e795782c9f527397490846cd214d9196e1
grimoire,https://github.com/KorfLab/grimoire,6ebfa357e966036c846c658710c136f540290615
hostopen,https://github.com/jaketreacher/hostopen,b1c8269aff13d4c2ec336cc8f366f42260c4e943
fistro,https://github.com/kingoodie/fistro,42c129d058fe017d3d1436da4350b6842f1c5535
kb_python,https://github.com/pachterlab/kb_python,3ce4d8e655da2da74a5114c680c9d2cf3a2b328c
grip,https://github.com/joeyespo/grip,27a4d6d87ea1d0ea7f7f120de55baabee3de73e3
homog,https://github.com/willsheffler/homog,5b49902ff3dea972f2c466abe7937546b50ee9f1
hotwing-core,https://github.com/jasonhamilton/hotwing-core,f4d864b1618e928bd981540b2a446bdb74023ca6
py2pack,https://github.com/openSUSE/py2pack,9c6f8eb3fd5d481aecbe4091ca0974e5a077db48
deviceidentifier-py,https://github.com/reincubate/deviceidentifier-py,e6ddf73c6ab3b26a703bca8619fc999dfeaeb5d2
words-to-regular-expression,https://github.com/radeklat/words-to-regular-expression,6be1a3846f4bc07a2264b72d1e1ee031c605bac7
beem,https://github.com/holgern/beem,f3c3bd84daccac1ee4ed45c1ada0f88f29ca3f2f
uhashring,https://github.com/ultrabug/uhashring,e45d6a7a2556e73c5a2c07f2f07ac76f8c22aca3
gamble,https://github.com/jpetrucciani/gamble,d17b25899183a4c4b25fe644024ff754132ae513
pyogt,https://github.com/claha/pyogt,4a6a43f8183bc429ac9993e6b2266e6719847899
cuckoopy,https://github.com/rajathagasthya/cuckoopy,e5fab0c4826387f99ddafb0365759cb7111cfd64
Intervallum,https://github.com/wol4aravio/Intervallum,e314ee624f09b09913475b02470103095fc076ff
helpers,https://github.com/infosmith/helpers,72c40cf1d1a46875f2956e8827a55d4232db48cb
piripherals,https://github.com/quantenschaum/piripherals,74e4807a64363e3c95a03222fa250a1073387eaf
service-manager,https://github.com/hmrc/service-manager,e0a9f2a08e139e23d8a1199a2208b4f5a355a0be
sida,https://github.com/liusida/sida,77635d2b08c87612330db8612b70ee85c0d57268
fossor,https://github.com/linkedin/fossor,d8dbdc40f2f16da601c317dfa74b83e3932c9bb3
pygsheets,https://github.com/nithinmurali/pygsheets,01b9548dd56b50fa93e4a92ab879b048ae282158
rockhound,https://github.com/fatiando/rockhound,c4d84b2628c4b0dd666ceb1b334647489fe85f17
access-modifiers,https://github.com/fniessink/access-modifiers,6fd7880b3b6761051cbe67fd91280075d2f296d2
policyd-rate-limit,https://github.com/nitmir/policyd-rate-limit,79eb4e1760fb9c0ea6e205cb6a0953be8105e0d4
levitate,https://github.com/AppliedAcousticsChalmers/levitate,f6b2b2666e82bbff0ef5664aa687bb87876467cb
dummy_file_generator,https://github.com/datahappy1/dummy_file_generator,f0a27725e1c04b4b2e0259167f10d8f76cfed9d1
http-tracer,https://github.com/danielmichaels/http-tracer,aa1f6c7944caa71efc3b77acc73069701074b29f
keplertools,https://github.com/dsavransky/keplertools,8a46aea897a7cd584c4c2afa1e5ea160f47aef6e
kindle_maker,https://github.com/jachinlin/kindle_maker,5c478bdaf3cb7d2e824f21462e72543d15c6cc95
pympesa,https://github.com/TralahM/pympesa,46839de00a868db0e674c6733d5daaf83293f588
pywebcopy,https://github.com/rajatomar788/pywebcopy,2852d1856783be3bc7e4725c5df850b15defa70d
setigen,https://github.com/bbrzycki/setigen,30acd4645896d07c660be2ba00542f64b5c64316
SSMToybox,https://github.com/jacobnzw/SSMToybox,b3a8c05fa1b0d85356ac6554009af38ff2720780
analytic_shrinkage,https://github.com/matzhaugen/analytic_shrinkage,752a0f90696b1ca27a8b84ada3616cdfc98004a9
ashpool,https://github.com/cktc/ashpool,3a35638ecff85da94952cebf7f8684ed564693bc
centrosome,https://github.com/CellProfiler/centrosome,878a4ef7c3d39dcab893ed27838c9338c5721c5b
cvbase,https://github.com/hellock/cvbase,e48d2f76aaeea6472b2175c37780f7b90ae7f1b6
darkchess,https://github.com/vishalsubbiah/darkchess,c626de547c3e58a77f25fddb86de9b07bc47ae86
devtracker,https://github.com/ConSou/devtracker,ea892d6d48aa5d4627b429469b59ae3f0ce7f10f
dockerfile_bakery,https://github.com/kujyp/dockerfile_bakery,fc531752d9fe901375636377dac884a6b750e146
event-bus,https://github.com/seanpar203/event-bus,5353d6472926a299ab4f3a8c33114a725d5b7639
freegs,https://github.com/bendudson/freegs,87bc845a8c1f4f48249c6fd930bc97b436468dd2
jgutils,https://github.com/jerodg/jgutils,6c8ed6aca37d509af8ce1b57635fad62f1c846b4
kevinarpe-rambutan3,https://github.com/kevinarpe/kevinarpe-rambutan3,5d7469912b559338dc15f5c7fb2abc91103ea0c5
langsplit,https://github.com/mindey/langsplit,d30d47bd6f73852dc716f1e79225d8d49dc39daa
layouts-python,https://github.com/hid-io/layouts-python,0b036e1f1695b16e0e6e61540ef7ecd6047a5bd1
libearth,https://github.com/earthreader/libearth,71d2f3246eb0b6a3668a64e2242616d20b1d7dcd
limix-lmm,https://github.com/limix/limix-lmm,0f0a9875e6d0ed0511db54c911992332b76baa13
nnweaver,https://github.com/gvinciguerra/nnweaver,e7a94d743f6eb118592524e30f54cda22cdc5e81
noisyopt,https://github.com/andim/noisyopt,625b874918ac5926c3bf05d869e914cbddfffe20
pybnn,https://github.com/automl/pybnn,6bd277421b83f882fa43d8dad2b7851b9682aa4b
pylabeledrf,https://github.com/dessimozlab/pylabeledrf,23e2c2b2c73d35b6c87dd332b45da8d31c0ea63f
pypfm,https://github.com/Wats0ns/pypfm,78cccd19d7dbc73e54f8ae915c8a9a36310a8950
python-matlab-functions,https://github.com/fzyukio/python-matlab-functions,2860bf48f904d546af75143c531750c8857670bc
python-timemarker,https://github.com/davidr/python-timemarker,16fc4d4f9d6b534b94005169c977ed143f4f9dc5
pyvesync,https://github.com/markperdue/pyvesync,4a43bad8a7b9d3b2e7f580f1f3739f27a00bdc2b
raincoat,https://github.com/novafloss/raincoat,ac524553805317f2200520d2548d950668352eee
travispy,https://github.com/menegazzo/travispy,54b6974c98be7cab5f8129bb49fa96e20fef31af
twsecli,https://github.com/hansliu/twsecli,b53aec2a6a2bbf660b479d6b59df63943191762c
wiki-futures,https://github.com/AndrewRPorter/wiki-futures,ae6bec3aafa7c2b881b2653eae1eb528f9b63bc7
coo,https://github.com/wilfredinni/coo,da9e75d46ed65599cd2223b029ac30c08496a80b
selenium-wire,https://github.com/wkeeling/selenium-wire,f80339bc2da0485fbba4165375c009b90efdb3c2
ftpsync,https://github.com/lpenz/ftpsync,bbf40b8ebd28762b92b70571e0d9a6e642ce3467
data-genie,https://github.com/mkeshav/data-genie.git,cde77b7bdb445557f78d834d72d51bb62ad9e668
pyblnet,https://github.com/nielstron/pyblnet,24a5de966067adc492c0b5c6899c50e7822e15c1
